run_name,DLNTDR_1,DLNNDR_1,NU_EE,MASS_1,RMAJ,RMIN,Q,S,KAPPA,DELTA,GAMMA_E,N_SPECIES,BETAE_UNIT
2019_03-isotope_d_a0_filtered,3.0,1.0,0.05,1.0,3.0,0.5,2.0,1.0,1.0,0.0,0.0,2.0,0.0005
2019_03-isotope_d_a1_filtered,3.0,1.0,0.1,1.0,3.0,0.5,2.0,1.0,1.0,0.0,0.0,2.0,0.0005
2019_03-isotope_d_a2_filtered,3.0,1.0,0.167,1.0,3.0,0.5,2.0,1.0,1.0,0.0,0.0,2.0,0.0005
2019_03-isotope_d_a3_filtered,3.0,1.0,0.278,1.0,3.0,0.5,2.0,1.0,1.0,0.0,0.0,2.0,0.0005
2019_03-isotope_d_a4_filtered,3.0,1.0,0.464,1.0,3.0,0.5,2.0,1.0,1.0,0.0,0.0,2.0,0.0005
2019_03-isotope_d_a5_filtered,3.0,1.0,0.774,1.0,3.0,0.5,2.0,1.0,1.0,0.0,0.0,2.0,0.0005
2019_03-isotope_d_a6_filtered,3.0,1.0,1.0,1.0,3.0,0.5,2.0,1.0,1.0,0.0,0.0,2.0,0.0005
2019_03-isotope_d_an0_filtered,3.0,0.0,0.1,1.0,3.0,0.5,2.0,1.0,1.0,0.0,0.0,2.0,0.0005
2019_03-isotope_d_an1_filtered,3.0,0.5,0.1,1.0,3.0,0.5,2.0,1.0,1.0,0.0,0.0,2.0,0.0005
2019_03-isotope_d_an2_filtered,3.0,1.0,0.1,1.0,3.0,0.5,2.0,1.0,1.0,0.0,0.0,2.0,0.0005
2019_03-isotope_d_an2_q1_filtered,3.0,1.0,0.1,1.0,3.0,0.5,1.6,0.8,1.0,0.0,0.0,2.0,0.0005
2019_03-isotope_d_an2_q3_filtered,3.0,1.0,0.1,1.0,3.0,0.5,3.0,1.5,1.0,0.0,0.0,2.0,0.0005
2019_03-isotope_d_an2_q4_filtered,3.0,1.0,0.1,1.0,3.0,0.5,4.0,2.0,1.0,0.0,0.0,2.0,0.0005
2019_03-isotope_d_an3_filtered,3.0,1.5,0.1,1.0,3.0,0.5,2.0,1.0,1.0,0.0,0.0,2.0,0.0005
2019_03-isotope_d_an4_filtered,3.0,2.0,0.1,1.0,3.0,0.5,2.0,1.0,1.0,0.0,0.0,2.0,0.0005
2019_03-isotope_d_an5_filtered,3.0,2.5,0.1,1.0,3.0,0.5,2.0,1.0,1.0,0.0,0.0,2.0,0.0005
2019_03-isotope_d_an6_filtered,3.0,3.0,0.1,1.0,3.0,0.5,2.0,1.0,1.0,0.0,0.0,2.0,0.0005
2019_03-isotope_d_an6_q1_filtered,3.0,3.0,0.1,1.0,3.0,0.5,1.6,0.8,1.0,0.0,0.0,2.0,0.0005
2019_03-isotope_d_an6_q3_filtered,3.0,3.0,0.1,1.0,3.0,0.5,3.0,1.5,1.0,0.0,0.0,2.0,0.0005
2019_03-isotope_d_an6_q4_filtered,3.0,3.0,0.1,1.0,3.0,0.5,4.0,2.0,1.0,0.0,0.0,2.0,0.0005
2019_03-isotope_d_at0_filtered,1.25,1.0,0.1,1.0,3.0,0.5,2.0,1.0,1.0,0.0,0.0,2.0,0.0005
2019_03-isotope_d_at1_filtered,1.5,1.0,0.1,1.0,3.0,0.5,2.0,1.0,1.0,0.0,0.0,2.0,0.0005
2019_03-isotope_d_at2_filtered,2.0,1.0,0.1,1.0,3.0,0.5,2.0,1.0,1.0,0.0,0.0,2.0,0.0005
2019_03-isotope_d_at3_filtered,2.5,1.0,0.1,1.0,3.0,0.5,2.0,1.0,1.0,0.0,0.0,2.0,0.0005
2019_03-isotope_d_at5_filtered,3.5,1.0,0.1,1.0,3.0,0.5,2.0,1.0,1.0,0.0,0.0,2.0,0.0005
2019_03-isotope_d_b0_filtered,3.0,3.0,0.05,1.0,3.0,0.5,2.0,1.0,1.0,0.0,0.0,2.0,0.0005
2019_03-isotope_d_b1_filtered,3.0,3.0,0.1,1.0,3.0,0.5,2.0,1.0,1.0,0.0,0.0,2.0,0.0005
2019_03-isotope_d_b2_filtered,3.0,3.0,0.167,1.0,3.0,0.5,2.0,1.0,1.0,0.0,0.0,2.0,0.0005
2019_03-isotope_d_b3_filtered,3.0,3.0,0.278,1.0,3.0,0.5,2.0,1.0,1.0,0.0,0.0,2.0,0.0005
2019_03-isotope_d_b4_filtered,3.0,3.0,0.464,1.0,3.0,0.5,2.0,1.0,1.0,0.0,0.0,2.0,0.0005
2019_03-isotope_d_b5_filtered,3.0,3.0,0.774,1.0,3.0,0.5,2.0,1.0,1.0,0.0,0.0,2.0,0.0005
2019_03-isotope_d_b6_filtered,3.0,3.0,1.0,1.0,3.0,0.5,2.0,1.0,1.0,0.0,0.0,2.0,0.0005
2019_03-isotope_h_a0_filtered,3.0,1.0,0.05,0.5,3.0,0.5,2.0,1.0,1.0,0.0,0.0,2.0,0.0005
2019_03-isotope_h_a1_filtered,3.0,1.0,0.1,0.5,3.0,0.5,2.0,1.0,1.0,0.0,0.0,2.0,0.0005
2019_03-isotope_h_a2_filtered,3.0,1.0,0.167,0.5,3.0,0.5,2.0,1.0,1.0,0.0,0.0,2.0,0.0005
2019_03-isotope_h_a3_filtered,3.0,1.0,0.278,0.5,3.0,0.5,2.0,1.0,1.0,0.0,0.0,2.0,0.0005
2019_03-isotope_h_a4_filtered,3.0,1.0,0.464,0.5,3.0,0.5,2.0,1.0,1.0,0.0,0.0,2.0,0.0005
2019_03-isotope_h_a5_filtered,3.0,1.0,0.774,0.5,3.0,0.5,2.0,1.0,1.0,0.0,0.0,2.0,0.0005
2019_03-isotope_h_a6_filtered,3.0,1.0,1.0,0.5,3.0,0.5,2.0,1.0,1.0,0.0,0.0,2.0,0.0005
2019_03-isotope_h_an0_filtered,3.0,0.0,0.1,0.5,3.0,0.5,2.0,1.0,1.0,0.0,0.0,2.0,0.0005
2019_03-isotope_h_an1_filtered,3.0,0.5,0.1,0.5,3.0,0.5,2.0,1.0,1.0,0.0,0.0,2.0,0.0005
2019_03-isotope_h_an2_filtered,3.0,1.0,0.1,0.5,3.0,0.5,2.0,1.0,1.0,0.0,0.0,2.0,0.0005
2019_03-isotope_h_an2_q1_filtered,3.0,1.0,0.1,0.5,3.0,0.5,1.6,0.8,1.0,0.0,0.0,2.0,0.0005
2019_03-isotope_h_an2_q3_filtered,3.0,1.0,0.1,0.5,3.0,0.5,3.0,1.5,1.0,0.0,0.0,2.0,0.0005
2019_03-isotope_h_an2_q4_filtered,3.0,1.0,0.1,0.5,3.0,0.5,4.0,2.0,1.0,0.0,0.0,2.0,0.0005
2019_03-isotope_h_an3_filtered,3.0,1.5,0.1,0.5,3.0,0.5,2.0,1.0,1.0,0.0,0.0,2.0,0.0005
2019_03-isotope_h_an4_filtered,3.0,2.0,0.1,0.5,3.0,0.5,2.0,1.0,1.0,0.0,0.0,2.0,0.0005
2019_03-isotope_h_an5_filtered,3.0,2.5,0.1,0.5,3.0,0.5,2.0,1.0,1.0,0.0,0.0,2.0,0.0005
2019_03-isotope_h_an6_filtered,3.0,3.0,0.1,0.5,3.0,0.5,2.0,1.0,1.0,0.0,0.0,2.0,0.0005
2019_03-isotope_h_an6_q1_filtered,3.0,3.0,0.1,0.5,3.0,0.5,1.6,0.8,1.0,0.0,0.0,2.0,0.0005
2019_03-isotope_h_an6_q3_filtered,3.0,3.0,0.1,0.5,3.0,0.5,3.0,1.5,1.0,0.0,0.0,2.0,0.0005
2019_03-isotope_h_an6_q4_filtered,3.0,3.0,0.1,0.5,3.0,0.5,4.0,2.0,1.0,0.0,0.0,2.0,0.0005
2019_03-isotope_h_at0_filtered,1.25,1.0,0.1,0.5,3.0,0.5,2.0,1.0,1.0,0.0,0.0,2.0,0.0005
2019_03-isotope_h_at1_filtered,1.5,1.0,0.1,0.5,3.0,0.5,2.0,1.0,1.0,0.0,0.0,2.0,0.0005
2019_03-isotope_h_at2_filtered,2.0,1.0,0.1,0.5,3.0,0.5,2.0,1.0,1.0,0.0,0.0,2.0,0.0005
2019_03-isotope_h_at3_filtered,2.5,1.0,0.1,0.5,3.0,0.5,2.0,1.0,1.0,0.0,0.0,2.0,0.0005
2019_03-isotope_h_at5_filtered,3.5,1.0,0.1,0.5,3.0,0.5,2.0,1.0,1.0,0.0,0.0,2.0,0.0005
2019_03-isotope_h_b2_filtered,3.0,3.0,0.167,0.5,3.0,0.5,2.0,1.0,1.0,0.0,0.0,2.0,0.0005
2019_03-isotope_h_b3_filtered,3.0,3.0,0.278,0.5,3.0,0.5,2.0,1.0,1.0,0.0,0.0,2.0,0.0005
2019_03-isotope_h_b4_filtered,3.0,3.0,0.464,0.5,3.0,0.5,2.0,1.0,1.0,0.0,0.0,2.0,0.0005
2019_03-isotope_h_b5_filtered,3.0,3.0,0.774,0.5,3.0,0.5,2.0,1.0,1.0,0.0,0.0,2.0,0.0005
2019_03-isotope_h_b6_filtered,3.0,3.0,1.0,0.5,3.0,0.5,2.0,1.0,1.0,0.0,0.0,2.0,0.0005
2019_03-isotope_t_a0_filtered,3.0,1.0,0.05,1.5,3.0,0.5,2.0,1.0,1.0,0.0,0.0,2.0,0.0005
2019_03-isotope_t_a1_filtered,3.0,1.0,0.1,1.5,3.0,0.5,2.0,1.0,1.0,0.0,0.0,2.0,0.0005
2019_03-isotope_t_a2_filtered,3.0,1.0,0.167,1.5,3.0,0.5,2.0,1.0,1.0,0.0,0.0,2.0,0.0005
2019_03-isotope_t_a3_filtered,3.0,1.0,0.278,1.5,3.0,0.5,2.0,1.0,1.0,0.0,0.0,2.0,0.0005
2019_03-isotope_t_a4_filtered,3.0,1.0,0.464,1.5,3.0,0.5,2.0,1.0,1.0,0.0,0.0,2.0,0.0005
2019_03-isotope_t_a5_filtered,3.0,1.0,0.774,1.5,3.0,0.5,2.0,1.0,1.0,0.0,0.0,2.0,0.0005
2019_03-isotope_t_a6_filtered,3.0,1.0,1.0,1.5,3.0,0.5,2.0,1.0,1.0,0.0,0.0,2.0,0.0005
2019_03-isotope_t_an0_filtered,3.0,0.0,0.1,1.5,3.0,0.5,2.0,1.0,1.0,0.0,0.0,2.0,0.0005
2019_03-isotope_t_an1_filtered,3.0,0.5,0.1,1.5,3.0,0.5,2.0,1.0,1.0,0.0,0.0,2.0,0.0005
2019_03-isotope_t_an2_filtered,3.0,1.0,0.1,1.5,3.0,0.5,2.0,1.0,1.0,0.0,0.0,2.0,0.0005
2019_03-isotope_t_an2_q1_filtered,3.0,1.0,0.1,1.5,3.0,0.5,1.6,0.8,1.0,0.0,0.0,2.0,0.0005
2019_03-isotope_t_an2_q3_filtered,3.0,1.0,0.1,1.5,3.0,0.5,3.0,1.5,1.0,0.0,0.0,2.0,0.0005
2019_03-isotope_t_an2_q4_filtered,3.0,1.0,0.1,1.5,3.0,0.5,4.0,2.0,1.0,0.0,0.0,2.0,0.0005
2019_03-isotope_t_an3_filtered,3.0,1.5,0.1,1.5,3.0,0.5,2.0,1.0,1.0,0.0,0.0,2.0,0.0005
2019_03-isotope_t_an4_filtered,3.0,2.0,0.1,1.5,3.0,0.5,2.0,1.0,1.0,0.0,0.0,2.0,0.0005
2019_03-isotope_t_an5_filtered,3.0,2.5,0.1,1.5,3.0,0.5,2.0,1.0,1.0,0.0,0.0,2.0,0.0005
2019_03-isotope_t_an6_filtered,3.0,3.0,0.1,1.5,3.0,0.5,2.0,1.0,1.0,0.0,0.0,2.0,0.0005
2019_03-isotope_t_an6_q1_filtered,3.0,3.0,0.1,1.5,3.0,0.5,1.6,0.8,1.0,0.0,0.0,2.0,0.0005
2019_03-isotope_t_an6_q3_filtered,3.0,3.0,0.1,1.5,3.0,0.5,3.0,1.5,1.0,0.0,0.0,2.0,0.0005
2019_03-isotope_t_an6_q4_filtered,3.0,3.0,0.1,1.5,3.0,0.5,4.0,2.0,1.0,0.0,0.0,2.0,0.0005
2019_03-isotope_t_at0_filtered,1.25,1.0,0.1,1.5,3.0,0.5,2.0,1.0,1.0,0.0,0.0,2.0,0.0005
2019_03-isotope_t_at1_filtered,1.5,1.0,0.1,1.5,3.0,0.5,2.0,1.0,1.0,0.0,0.0,2.0,0.0005
2019_03-isotope_t_at2_filtered,2.0,1.0,0.1,1.5,3.0,0.5,2.0,1.0,1.0,0.0,0.0,2.0,0.0005
2019_03-isotope_t_at3_filtered,2.5,1.0,0.1,1.5,3.0,0.5,2.0,1.0,1.0,0.0,0.0,2.0,0.0005
2019_03-isotope_t_at5_filtered,3.5,1.0,0.1,1.5,3.0,0.5,2.0,1.0,1.0,0.0,0.0,2.0,0.0005
2019_03-isotope_t_b0_filtered,3.0,3.0,0.05,1.5,3.0,0.5,2.0,1.0,1.0,0.0,0.0,2.0,0.0005
2019_03-isotope_t_b2_filtered,3.0,3.0,0.167,1.5,3.0,0.5,2.0,1.0,1.0,0.0,0.0,2.0,0.0005
2019_03-isotope_t_b3_filtered,3.0,3.0,0.278,1.5,3.0,0.5,2.0,1.0,1.0,0.0,0.0,2.0,0.0005
2019_03-isotope_t_b4_filtered,3.0,3.0,0.464,1.5,3.0,0.5,2.0,1.0,1.0,0.0,0.0,2.0,0.0005
2019_03-isotope_t_b5_filtered,3.0,3.0,0.774,1.5,3.0,0.5,2.0,1.0,1.0,0.0,0.0,2.0,0.0005
2019_03-isotope_t_b6_filtered,3.0,3.0,1.0,1.5,3.0,0.5,2.0,1.0,1.0,0.0,0.0,2.0,0.0005
2019_05-exb_stdG10N20_low_filtered,3.0,1.0,0.05,1.0,3.0,0.5,2.0,1.0,1.0,0.0,0.1,2.0,0.0005
2019_05-exb_stdGH10_low_filtered,3.0,1.0,0.05,1.0,3.0,0.5,2.0,1.0,1.0,0.0,0.1,2.0,0.0005
2019_05-garyshift_stdS00G00_high_filtered,3.0,1.0,0.05,1.0,3.0,0.5,2.0,1.0,1.0,0.0,0.0,2.0,0.0005
2019_05-garyshift_stdS00G00_low_filtered,3.0,1.0,0.05,1.0,3.0,0.5,2.0,1.0,1.0,0.0,0.0,2.0,0.0005
2019_05-garyshift_stdS00G00_med_filtered,3.0,1.0,0.05,1.0,3.0,0.5,2.0,1.0,1.0,0.0,0.0,2.0,0.0005
2019_05-garyshift_stdS00G10_high_filtered,3.0,1.0,0.05,1.0,3.0,0.5,2.0,1.0,1.0,0.0,0.1,2.0,0.0005
2019_05-garyshift_stdS00G10_low_filtered,3.0,1.0,0.05,1.0,3.0,0.5,2.0,1.0,1.0,0.0,0.1,2.0,0.0005
2019_05-garyshift_stdS00G10_med_filtered,3.0,1.0,0.05,1.0,3.0,0.5,2.0,1.0,1.0,0.0,0.1,2.0,0.0005
2019_05-garyshift_stdS00GH10_med_filtered,3.0,1.0,0.05,1.0,3.0,0.5,2.0,1.0,1.0,0.0,0.1,2.0,0.0005
2019_05-garyshift_stdS25G00_med_filtered,3.0,1.0,0.05,1.0,3.0,0.5,2.0,1.0,1.0,0.0,0.0,2.0,0.0005
2019_05-garyshift_stdS50G00_low_filtered,3.0,1.0,0.05,1.0,3.0,0.5,2.0,1.0,1.0,0.0,0.0,2.0,0.0005
2019_05-garyshift_stdS50G00_med_filtered,3.0,1.0,0.05,1.0,3.0,0.5,2.0,1.0,1.0,0.0,0.0,2.0,0.0005
2019_05-garyshift_stdS50G10_low_filtered,3.0,1.0,0.05,1.0,3.0,0.5,2.0,1.0,1.0,0.0,0.1,2.0,0.0005
2019_05-garyshift_stdS50G10_med_filtered,3.0,1.0,0.05,1.0,3.0,0.5,2.0,1.0,1.0,0.0,0.1,2.0,0.0005
2019_05-garyshift_stdS50GH10_med_filtered,3.0,1.0,0.05,1.0,3.0,0.5,2.0,1.0,1.0,0.0,0.1,2.0,0.0005
2019_10-exb_2res_a1_filtered,3.0,1.0,0.05,1.0,3.0,0.5,2.0,1.0,1.0,0.0,0.0,2.0,0.0005
2019_10-exb_2res_a2_filtered,3.0,1.0,0.05,1.0,3.0,0.5,2.0,1.0,1.0,0.0,0.1,2.0,0.0005
2019_10-exb_2res_a3_filtered,3.0,1.0,0.05,1.0,3.0,0.5,2.0,1.0,1.0,0.0,0.2,2.0,0.0005
2019_10-exb_2res_a4_filtered,3.0,1.0,0.05,1.0,3.0,0.5,2.0,1.0,1.0,0.0,0.3,2.0,0.0005
2019_10-exb_2res_a5_filtered,3.0,1.0,0.05,1.0,3.0,0.5,2.0,1.0,1.0,0.0,0.4,2.0,0.0005
2019_10-exb_2res_a6_filtered,3.0,1.0,0.05,1.0,3.0,0.5,2.0,1.0,1.0,0.0,0.5,2.0,0.0005
2019_10-exb_2res_b1_filtered,3.0,1.0,0.05,1.0,3.0,0.5,2.0,1.0,1.0,0.0,0.0,2.0,0.0005
2019_10-exb_2res_b2_filtered,3.0,1.0,0.05,1.0,3.0,0.5,2.0,1.0,1.0,0.0,0.1,2.0,0.0005
2019_10-exb_2res_b3_filtered,3.0,1.0,0.05,1.0,3.0,0.5,2.0,1.0,1.0,0.0,0.2,2.0,0.0005
2019_10-exb_2res_b4_filtered,3.0,1.0,0.05,1.0,3.0,0.5,2.0,1.0,1.0,0.0,0.3,2.0,0.0005
2019_10-exb_2res_b5_filtered,3.0,1.0,0.05,1.0,3.0,0.5,2.0,1.0,1.0,0.0,0.4,2.0,0.0005
2019_10-exb_2res_b6_filtered,3.0,1.0,0.05,1.0,3.0,0.5,2.0,1.0,1.0,0.0,0.5,2.0,0.0005
2019_11-exb_kappa_a1_filtered,3.0,1.0,0.05,1.0,3.0,0.5,2.0,1.0,1.25,0.0,0.0,2.0,0.0005
2019_11-exb_kappa_a2_filtered,3.0,1.0,0.05,1.0,3.0,0.5,2.0,1.0,1.25,0.0,0.1,2.0,0.0005
2019_11-exb_kappa_a3_filtered,3.0,1.0,0.05,1.0,3.0,0.5,2.0,1.0,1.25,0.0,0.2,2.0,0.0005
2019_11-exb_kappa_a4_filtered,3.0,1.0,0.05,1.0,3.0,0.5,2.0,1.0,1.25,0.0,0.3,2.0,0.0005
2019_11-exb_kappa_b1_filtered,3.0,1.0,0.05,1.0,3.0,0.5,2.0,1.0,1.5,0.0,0.0,2.0,0.0005
2019_11-exb_kappa_b2_filtered,3.0,1.0,0.05,1.0,3.0,0.5,2.0,1.0,1.5,0.0,0.1,2.0,0.0005
2019_11-exb_kappa_b3_filtered,3.0,1.0,0.05,1.0,3.0,0.5,2.0,1.0,1.5,0.0,0.2,2.0,0.0005
2019_11-exb_kappa_b4_filtered,3.0,1.0,0.05,1.0,3.0,0.5,2.0,1.0,1.5,0.0,0.3,2.0,0.0005
2019_11-exb_kappa_c1_filtered,3.0,1.0,0.05,1.0,3.0,0.5,2.0,1.0,1.75,0.0,0.0,2.0,0.0005
2019_11-exb_kappa_c2_filtered,3.0,1.0,0.05,1.0,3.0,0.5,2.0,1.0,1.75,0.0,0.1,2.0,0.0005
2019_11-exb_kappa_c3_filtered,3.0,1.0,0.05,1.0,3.0,0.5,2.0,1.0,1.75,0.0,0.2,2.0,0.0005
2019_11-exb_kappa_c4_filtered,3.0,1.0,0.05,1.0,3.0,0.5,2.0,1.0,1.75,0.0,0.3,2.0,0.0005
2019_11-exb_shift_a1_filtered,3.0,1.0,0.05,1.0,3.0,0.5,2.0,1.0,1.0,0.0,0.0,2.0,0.0005
2019_11-exb_shift_a2_filtered,3.0,1.0,0.05,1.0,3.0,0.5,2.0,1.0,1.0,0.0,0.1,2.0,0.0005
2019_11-exb_shift_a3_filtered,3.0,1.0,0.05,1.0,3.0,0.5,2.0,1.0,1.0,0.0,0.2,2.0,0.0005
2019_11-exb_shift_a4_filtered,3.0,1.0,0.05,1.0,3.0,0.5,2.0,1.0,1.0,0.0,0.3,2.0,0.0005
2019_11-exb_shift_b1_filtered,3.0,1.0,0.05,1.0,3.0,0.5,2.0,1.0,1.0,0.0,0.0,2.0,0.0005
2019_11-exb_shift_b2_filtered,3.0,1.0,0.05,1.0,3.0,0.5,2.0,1.0,1.0,0.0,0.1,2.0,0.0005
2019_11-exb_shift_b3_filtered,3.0,1.0,0.05,1.0,3.0,0.5,2.0,1.0,1.0,0.0,0.2,2.0,0.0005
2019_11-exb_shift_b4_filtered,3.0,1.0,0.05,1.0,3.0,0.5,2.0,1.0,1.0,0.0,0.3,2.0,0.0005
2019_11-exb_shift_c1_filtered,3.0,1.0,0.05,1.0,3.0,0.5,2.0,1.0,1.0,0.0,0.0,2.0,0.0005
2019_11-exb_shift_c2_filtered,3.0,1.0,0.05,1.0,3.0,0.5,2.0,1.0,1.0,0.0,0.1,2.0,0.0005
2019_11-exb_shift_c3_filtered,3.0,1.0,0.05,1.0,3.0,0.5,2.0,1.0,1.0,0.0,0.2,2.0,0.0005
2019_11-exb_shift_c4_filtered,3.0,1.0,0.05,1.0,3.0,0.5,2.0,1.0,1.0,0.0,0.3,2.0,0.0005
2020_03-Belli_Lmode_iso_r60_filtered,1.600000023841858,1.0,0.19,1.0,3.11,0.6,1.45,1.15,1.28,0.072,0.056,2.0,0.00076
2020_03-Belli_Lmode_iso_r70_filtered,2.0,0.8999999761581421,0.32,1.0,3.11,0.7,1.77,1.44,1.32,0.096,0.0062,2.0,0.00045
2020_03-Belli_Lmode_iso_r80_filtered,2.700000047683716,1.2999999523162842,0.65,1.0,3.1,0.8,2.2,1.88,1.36,0.13,0.032,2.0,0.00023
2020_03-Belli_Lmode_iso_r90_filtered,4.099999904632568,3.200000047683716,1.7,1.0,3.09,0.9,2.88,2.75,1.42,0.16,0.038,2.0,8.3e-05
2020_05-theta_diagnostic_a1_filtered,3.0,1.0,0.05,1.0,3.0,0.8,2.0,1.0,1.5,0.0,0.0,2.0,0.0005
2020_05-theta_diagnostic_a2_filtered,3.0,1.0,0.05,1.0,3.0,0.8,2.0,1.0,1.5,0.0,0.0,2.0,0.0005
2020_05-theta_diagnostic_a3_filtered,3.0,1.0,0.05,1.0,3.0,0.8,2.0,0.5,1.5,0.0,0.0,2.0,0.0005
2020_08-nuei_lor_alor0_filtered,3.0,1.0,0.01,1.0,3.0,0.5,2.0,1.0,1.0,0.0,0.0,2.0,0.0005
2020_08-nuei_lor_alor1_filtered,3.0,1.0,0.02,1.0,3.0,0.5,2.0,1.0,1.0,0.0,0.0,2.0,0.0005
2020_08-nuei_lor_alor2_filtered,3.0,1.0,0.05,1.0,3.0,0.5,2.0,1.0,1.0,0.0,0.0,2.0,0.0005
2020_08-nuei_lor_alor3_filtered,3.0,1.0,0.1,1.0,3.0,0.5,2.0,1.0,1.0,0.0,0.0,2.0,0.0005
2020_08-nuei_lor_alor3_hnorm_filtered,3.0,1.0,0.07071067,2.0,3.0,0.5,2.0,1.0,1.0,0.0,0.0,2.0,0.0005
2020_08-nuei_lor_alor4_filtered,3.0,1.0,0.167,1.0,3.0,0.5,2.0,1.0,1.0,0.0,0.0,2.0,0.0005
2020_08-nuei_lor_alor5_filtered,3.0,1.0,0.278,1.0,3.0,0.5,2.0,1.0,1.0,0.0,0.0,2.0,0.0005
2020_08-nuei_lor_alor6_filtered,3.0,1.0,0.464,1.0,3.0,0.5,2.0,1.0,1.0,0.0,0.0,2.0,0.0005
2020_08-nuei_lor_alor7_filtered,3.0,1.0,0.774,1.0,3.0,0.5,2.0,1.0,1.0,0.0,0.0,2.0,0.0005
2020_08-nuei_lor_alor8_filtered,3.0,1.0,1.0,1.0,3.0,0.5,2.0,1.0,1.0,0.0,0.0,2.0,0.0005
2020_08-nuei_lor_blor0_filtered,3.0,3.0,0.01,1.0,3.0,0.5,2.0,1.0,1.0,0.0,0.0,2.0,0.0005
2020_08-nuei_lor_blor1_filtered,3.0,3.0,0.02,1.0,3.0,0.5,2.0,1.0,1.0,0.0,0.0,2.0,0.0005
2020_08-nuei_lor_blor2_filtered,3.0,3.0,0.05,1.0,3.0,0.5,2.0,1.0,1.0,0.0,0.0,2.0,0.0005
2020_08-nuei_lor_blor3_filtered,3.0,3.0,0.1,1.0,3.0,0.5,2.0,1.0,1.0,0.0,0.0,2.0,0.0005
2020_08-nuei_lor_blor4_filtered,3.0,3.0,0.167,1.0,3.0,0.5,2.0,1.0,1.0,0.0,0.0,2.0,0.0005
2020_08-nuei_lor_blor5_filtered,3.0,3.0,0.278,1.0,3.0,0.5,2.0,1.0,1.0,0.0,0.0,2.0,0.0005
2020_08-nuei_lor_blor6_filtered,3.0,3.0,0.464,1.0,3.0,0.5,2.0,1.0,1.0,0.0,0.0,2.0,0.0005
2020_08-nuei_lor_blor7_filtered,3.0,3.0,0.774,1.0,3.0,0.5,2.0,1.0,1.0,0.0,0.0,2.0,0.0005
2020_08-nuei_lor_blor8_filtered,3.0,3.0,1.0,1.0,3.0,0.5,2.0,1.0,1.0,0.0,0.0,2.0,0.0005
2020_09-rmin_r025_filtered,3.0,1.0,0.1,1.0,3.0,0.25,2.0,1.0,1.0,0.0,0.0,2.0,0.0005
2020_09-rmin_r075_filtered,3.0,1.0,0.1,1.0,3.0,0.75,2.0,1.0,1.0,0.0,0.0,2.0,0.0005
2020_09-rmin_r100_filtered,3.0,1.0,0.1,1.0,3.0,1.0,2.0,1.0,1.0,0.0,0.0,2.0,0.0005
2020_09-rmin_r125_filtered,3.0,1.0,0.1,1.0,3.0,1.25,2.0,1.0,1.0,0.0,0.0,2.0,0.0005
2020_09-rmin_r150_filtered,3.0,1.0,0.1,1.0,3.0,1.5,2.0,1.0,1.0,0.0,0.0,2.0,0.0005
STD_AC_a1_filtered,3.0,1.0,0.8,1.0,1.4,0.7,2.0,1.0,1.0,0.0,0.1,2.0,0.0005
STD_AC_a2_filtered,3.0,1.0,0.8,1.0,1.4,0.7,2.0,1.0,1.0,0.0,0.22,2.0,0.0005
STD_AC_a3_filtered,3.0,1.0,0.8,1.0,1.4,0.7,2.0,1.0,1.0,0.0,0.24,2.0,0.0005
STD_AC_a4_filtered,3.0,1.0,0.8,1.0,1.4,0.7,2.0,1.0,1.0,0.0,0.27,2.0,0.0005
STD_AC_a5_filtered,3.0,1.0,0.8,1.0,1.4,0.7,2.0,1.0,1.0,0.0,0.3,2.0,0.0005
STD_AC_a6_filtered,3.0,1.0,0.8,1.0,1.4,0.7,2.0,1.0,1.0,0.0,0.32,2.0,0.0005
STD_A_a1_filtered,3.0,1.0,0.05,1.0,1.4,0.7,2.0,1.0,1.0,0.0,0.1,2.0,0.0005
STD_A_a2_filtered,3.0,1.0,0.05,1.0,1.4,0.7,2.0,1.0,1.0,0.0,0.22,2.0,0.0005
STD_A_a3_filtered,3.0,1.0,0.05,1.0,1.4,0.7,2.0,1.0,1.0,0.0,0.24,2.0,0.0005
STD_A_a4_filtered,3.0,1.0,0.05,1.0,1.4,0.7,2.0,1.0,1.0,0.0,0.27,2.0,0.0005
STD_A_a5_filtered,3.0,1.0,0.05,1.0,1.4,0.7,2.0,1.0,1.0,0.0,0.3,2.0,0.0005
STD_A_a6_filtered,3.0,1.0,0.05,1.0,1.4,0.7,2.0,1.0,1.0,0.0,0.32,2.0,0.0005
STD_gamma_a2_filtered,3.0,1.0,0.05,1.0,3.0,0.5,2.0,1.0,1.0,0.0,0.22,2.0,0.0005
STD_gamma_a3_filtered,3.0,1.0,0.05,1.0,3.0,0.5,2.0,1.0,1.0,0.0,0.24,2.0,0.0005
STD_gamma_a5_filtered,3.0,1.0,0.05,1.0,3.0,0.5,2.0,1.0,1.0,0.0,0.3,2.0,0.0005
STD_gamma_a6_filtered,3.0,1.0,0.05,1.0,3.0,0.5,2.0,1.0,1.0,0.0,0.32,2.0,0.0005
r70_ge_d5_filtered,2.0,0.8999999761581421,0.32,1.0,3.11,0.7,1.77,1.44,1.32,0.096,0.0062,2.0,0.00045
r70_ge_d5_g05_filtered,2.0,0.8999999761581421,0.32,1.0,3.11,0.7,1.77,1.44,1.32,0.096,0.05,2.0,0.00045
r70_ge_d5_g10_filtered,2.0,0.8999999761581421,0.32,1.0,3.11,0.7,1.77,1.44,1.32,0.096,0.1,2.0,0.00045
r70_ge_d5_g15_filtered,2.0,0.8999999761581421,0.32,1.0,3.11,0.7,1.77,1.44,1.32,0.096,0.15,2.0,0.00045
r70_ge_d5_g17_filtered,2.0,0.8999999761581421,0.32,1.0,3.11,0.7,1.77,1.44,1.32,0.096,0.175,2.0,0.00045
r90_dlntdr_dlt10_filtered,2.0999999046325684,3.200000047683716,1.7,1.0,3.09,0.9,2.88,2.75,1.42,0.16,0.038,2.0,8.3e-05
r90_dlntdr_dlt1_filtered,11.100000381469727,3.200000047683716,1.7,1.0,3.09,0.9,2.88,2.75,1.42,0.16,0.038,2.0,8.3e-05
r90_dlntdr_dlt2_filtered,10.100000381469727,3.200000047683716,1.7,1.0,3.09,0.9,2.88,2.75,1.42,0.16,0.038,2.0,8.3e-05
r90_dlntdr_dlt4_filtered,8.100000381469727,3.200000047683716,1.7,1.0,3.09,0.9,2.88,2.75,1.42,0.16,0.038,2.0,8.3e-05
r90_dlntdr_dlt6_filtered,6.099999904632568,3.200000047683716,1.7,1.0,3.09,0.9,2.88,2.75,1.42,0.16,0.038,2.0,8.3e-05
r90_dlntdr_dlt7_filtered,5.099999904632568,3.200000047683716,1.7,1.0,3.09,0.9,2.88,2.75,1.42,0.16,0.038,2.0,8.3e-05
r90_dlntdr_dlt9_filtered,3.0999999046325684,3.200000047683716,1.7,1.0,3.09,0.9,2.88,2.75,1.42,0.16,0.038,2.0,8.3e-05
r90_dlntdr_q17_d1_lt1_res_filtered,11.100000381469727,3.200000047683716,1.7,1.0,3.09,0.9,1.77,2.75,1.42,0.16,0.038,2.0,8.3e-05
r90_dlntdr_q17_d1_lt2_res_filtered,10.100000381469727,3.200000047683716,1.7,1.0,3.09,0.9,1.77,2.75,1.42,0.16,0.038,2.0,8.3e-05
r90_dlntdr_q17_d1_lt3_filtered,9.100000381469727,3.200000047683716,1.7,1.0,3.09,0.9,1.77,2.75,1.42,0.16,0.038,2.0,8.3e-05
r90_dlntdr_q17_d1_lt4_filtered,8.100000381469727,3.200000047683716,1.7,1.0,3.09,0.9,1.77,2.75,1.42,0.16,0.038,2.0,8.3e-05
r90_dlntdr_q17_d1_lt6_filtered,6.099999904632568,3.200000047683716,1.7,1.0,3.09,0.9,1.77,2.75,1.42,0.16,0.038,2.0,8.3e-05
r90_dlntdr_q17_d1_lt8_filtered,4.099999904632568,3.200000047683716,1.7,1.0,3.09,0.9,1.77,2.75,1.42,0.16,0.038,2.0,8.3e-05
r90_dlntdr_q35_d1_lt1_res_filtered,11.100000381469727,3.200000047683716,1.7,1.0,3.09,0.9,3.5,2.75,1.42,0.16,0.038,2.0,8.3e-05
r90_dlntdr_q35_d1_lt2_res_filtered,10.100000381469727,3.200000047683716,1.7,1.0,3.09,0.9,3.5,2.75,1.42,0.16,0.038,2.0,8.3e-05
r90_dlntdr_q35_d1_lt3_res_filtered,9.100000381469727,3.200000047683716,1.7,1.0,3.09,0.9,3.5,2.75,1.42,0.16,0.038,2.0,8.3e-05
r90_dlntdr_q35_d1_lt4_res_filtered,8.100000381469727,3.200000047683716,1.7,1.0,3.09,0.9,3.5,2.75,1.42,0.16,0.038,2.0,8.3e-05
r90_dlntdr_q35_d1_lt6_res_filtered,6.099999904632568,3.200000047683716,1.7,1.0,3.09,0.9,3.5,2.75,1.42,0.16,0.038,2.0,8.3e-05
r90_dlntdr_q35_d1_lt8_res_filtered,4.099999904632568,3.200000047683716,1.7,1.0,3.09,0.9,3.5,2.75,1.42,0.16,0.038,2.0,8.3e-05
r90_dlntdr_q35_d1_lt9_res_filtered,3.0999999046325684,3.200000047683716,1.7,1.0,3.09,0.9,3.5,2.75,1.42,0.16,0.038,2.0,8.3e-05
r90_dlntedr_dlnndr_d0_filtered,4.099999904632568,0.0,1.7,1.0,3.09,0.9,2.88,2.75,1.42,0.16,0.038,2.0,8.3e-05
r90_dlntedr_dlnndr_d2_filtered,4.099999904632568,0.7900000214576721,1.7,1.0,3.09,0.9,2.88,2.75,1.42,0.16,0.038,2.0,8.3e-05
r90_dlntedr_dlnndr_d4_filtered,4.099999904632568,1.5800000429153442,1.7,1.0,3.09,0.9,2.88,2.75,1.42,0.16,0.038,2.0,8.3e-05
r90_dlntedr_dlnndr_d6_filtered,4.099999904632568,2.369999885559082,1.7,1.0,3.09,0.9,2.88,2.75,1.42,0.16,0.038,2.0,8.3e-05
r90_nuee_d_nu05_filtered,4.099999904632568,3.200000047683716,0.05,1.0,3.09,0.9,2.88,2.75,1.42,0.16,0.038,2.0,8.3e-05
r90_nuee_d_nu10_filtered,4.099999904632568,3.200000047683716,1.0,1.0,3.09,0.9,2.88,2.75,1.42,0.16,0.038,2.0,8.3e-05
r90_nuee_d_nu17_filtered,4.099999904632568,3.200000047683716,1.7,1.0,3.09,0.9,2.88,2.75,1.42,0.16,0.038,2.0,8.3e-05
r90_nuee_d_nu1_filtered,4.099999904632568,3.200000047683716,0.1,1.0,3.09,0.9,2.88,2.75,1.42,0.16,0.038,2.0,8.3e-05
r90_nuee_d_nu25_filtered,4.099999904632568,3.200000047683716,2.5,1.0,3.09,0.9,2.88,2.75,1.42,0.16,0.038,2.0,8.3e-05
r90_nuee_d_nu2_filtered,4.099999904632568,3.200000047683716,0.2,1.0,3.09,0.9,2.88,2.75,1.42,0.16,0.038,2.0,8.3e-05
r90_nuee_d_nu5_filtered,4.099999904632568,3.200000047683716,0.5,1.0,3.09,0.9,2.88,2.75,1.42,0.16,0.038,2.0,8.3e-05